<?xml version="1.0" encoding="UTF-8"?>
<project-private xmlns="http://www.netbeans.org/ns/project-private/1">
    <editor-bookmarks xmlns="http://www.netbeans.org/ns/editor-bookmarks/2" lastBookmarkId="0"/>
    <open-files xmlns="http://www.netbeans.org/ns/projectui-open-files/2">
        <group>
            <file>file:/E:/projects/java/DataStructure/Data%20Structure%20Project/src/data/structure/project/DNode.java</file>
            <file>file:/E:/projects/java/DataStructure/Data%20Structure%20Project/src/data/structure/project/DataStructureProject.java</file>
            <file>file:/E:/projects/java/DataStructure/Data%20Structure%20Project/src/data/structure/project/DoubleCircularLinkedList.java</file>
        </group>
    </open-files>
</project-private>
